Track URI,Track Name,Album Name,Artist Name(s),Release Date,Duration (ms),Popularity,Explicit,Added By,Added At,Genres,Record Label,Danceability,Energy,Key,Loudness,Mode,Speechiness,Acousticness,Instrumentalness,Liveness,Valence,Tempo,Time Signature
spotify:track:4XuvF17JMRwjsSguKmljhw,"Ik Zit In Een Cafeetje","Tuttie Spaghettie","Jettie Pallettie",2011-08-12,164186,0,false,dylan_sjo,2018-06-17T18:52:50Z,"hollands","Captain Rob Records",0.814,0.884,11,-5.729,0,0.0488,0.106,0,0.126,0.923,135.021,4
spotify:track:2OKcIUnaVu7vk6ZT4Rym0P,"My Little Lady","Waar Ik Ga Of Sta","Marco Kanters",2010,169266,0,false,dylan_sjo,2018-06-17T18:56:56Z,"hollands","Captain Rob Records",0.761,0.924,2,-3.501,1,0.107,0.0864,0,0.811,0.809,130.567,4
spotify:track:0k1D369yKmhSiMnQBYiPE0,"Ik Ga Leven (Goldfinger remix)","Nu Lacht Geluk Me Toe","Rob Van Daal",2011-08-18,188226,0,false,dylan_sjo,2018-06-17T18:59:36Z,"hollands","Berk Music",0.737,0.93,7,-3.828,1,0.0421,0.0152,0,0.313,0.968,127.063,4
spotify:track:10W5xuQlaBSQRVNiA3YzNj,"Kom Wie Wil Er Met Mij Dansen","In De Wolken","Frank Verkooyen",2009-10-20,204564,0,false,dylan_sjo,2018-06-17T18:59:51Z,"hollands","Captain Rob Records",0.751,0.897,8,-6.255,1,0.0383,0.104,0,0.904,0.965,106.495,4
spotify:track:5cdm5S28R7z3S29jsXDUpL,"Ga Met Me Mee (Be My Day)","Ga Met Me Mee","Rudy de Wit",2014-11-21,192333,0,false,dylan_sjo,2018-06-17T19:01:37Z,"hollands","Hit It! Music",0.775,0.954,4,-3.743,1,0.0369,0.0825,0.00000308,0.204,0.971,132.04,4
spotify:track:36GyiPLLhlw40O0DnedwkS,"Sweet Love","Ga Met Me Mee","Rudy de Wit",2014-11-21,235400,0,false,dylan_sjo,2018-06-17T19:02:15Z,"hollands","Hit It! Music",0.592,0.876,0,-4.39,1,0.0428,0.0806,0,0.358,0.947,131.973,4
spotify:track:7zYeRM0rf1vO2B34prsImp,"Adio Amore (Golddiggers Remix)","Adio Amore (Golddiggers Remix)","Alex",2016-04-01,194862,0,false,dylan_sjo,2018-06-17T19:07:32Z,"dansk pop,hollands","Berk Music",0.797,0.925,10,-4.988,1,0.0378,0.144,0,0.281,0.97,130.513,4
spotify:track:0DSWIfn1NDWPZqZDC6acqI,"Leve de Lol","Super Feest volume 1","Ed Nieman",2010-02-25,175826,0,false,dylan_sjo,2018-06-18T12:25:43Z,"hollands","Berk Music",0.599,0.922,2,-4.851,1,0.0964,0.0287,0.00000355,0.971,0.848,133.577,4
spotify:track:2VBsw3cvtcCdNkv7vaM59m,"Helena","Geluk","Robert Pater",2019-05-03,195760,35,false,dylan_sjo,2021-11-04T17:31:55Z,"hollands","CDHamster",0.536,0.761,4,-6.622,0,0.229,0.131,0,0.0594,0.854,199.953,4
spotify:track:15lE9l57pN8qdxfeBoeAND,"Hutje Op De Hei (Goldfinger Remix)","Hier Zijn We Weer!","De Alpenzusjes",2012-01-12,177453,0,false,dylan_sjo,2018-06-18T12:37:01Z,"hollands","Berk Music",0.814,0.913,7,-3.368,1,0.0362,0.361,0,0.816,0.984,126.485,4
spotify:track:1CvsgUzz7CWgC37gfUXUzB,"Bailar Bailar","Bailar Bailar","Nelis Leeman",2021-07-02,211195,31,false,dylan_sjo,2022-02-01T19:20:39Z,"hollands","Berk Music",0.581,0.807,7,-5.287,0,0.155,0.274,0.00000476,0.0546,0.856,182.473,4
spotify:track:5PoytBY3KPLK4wFDSEyXj9,"Nergens Goed Voor","Party Hits 26","Frank van Weert",2013-06-12,180080,0,false,dylan_sjo,2018-06-18T12:40:13Z,"hollands","Berk Music",0.787,0.73,2,-5.086,1,0.0496,0.0653,0.0000108,0.0723,0.856,124.975,4
spotify:track:1ZKbCDloKPoapMskkE1h2I,"Och Was Ik Maar","Apres Ski Hits 2013 Deel 1","Rob Ronalds",2012-11-06,169026,0,false,dylan_sjo,2018-06-18T12:41:51Z,"hollands","Berk Music",0.664,0.933,10,-6.172,1,0.182,0.512,0,0.0405,0.588,134.871,4
spotify:track:6w1wA6lUrKxw3ZqUX2GnqL,"Schudden","Lekker Lekker","Arjon Oostrom;DJ Nelis",2014-01-31,169200,0,false,dylan_sjo,2018-06-18T12:44:17Z,"hollands","Berk Music",0.726,0.896,1,-7.327,1,0.0509,0.0597,0,0.0602,0.962,140.055,4
spotify:track:60VvE1ktlRQSS1RW6CSzoV,"Jij Krijgt Die Lach Niet Van Mijn Gezicht","Jij Krijgt Die Lach Niet Van Mijn Gezicht","John De Bever",2017-11-03,200779,0,false,dylan_sjo,2018-08-17T19:52:06Z,"hollands,nederpop","Berk Music",0.666,0.848,6,-7.076,1,0.0753,0.106,0,0.772,0.584,120.007,4
spotify:track:4eyGhxR256IUS9BQbuGEGb,"Kali - Kali","Kali","Django Wagner",2009-11-08,206400,0,false,dylan_sjo,2018-09-13T09:28:44Z,"hollands","Berk Music",0.671,0.827,5,-4.385,0,0.0412,0.11,0,0.222,0.729,96.557,4
spotify:track:3ucTSekSf8now7HhfvoWda,"Mooie Blauwe Ogen - Mooie Blauwe Ogen","Kali","Django Wagner",2009-11-08,201933,0,false,dylan_sjo,2018-09-13T09:28:47Z,"hollands","Berk Music",0.702,0.845,0,-3.466,1,0.083,0.306,0,0.0202,0.924,97.528,4
spotify:track:0SXG52Psd7NNVpsC57DFOF,"Pure Verleiding","Lekker Lekker","Arjon Oostrom",2014-01-31,203799,0,false,dylan_sjo,2018-09-13T09:29:01Z,"hollands","Berk Music",0.825,0.834,6,-7.363,1,0.165,0.144,0,0.0786,0.904,135.037,4
spotify:track:4C51EkdhlhCxdCMYtNjDMV,"Wienie Wienie","Wienie Wienie","De Alpenzusjes",2014-10-03,175280,0,false,dylan_sjo,2018-09-13T09:36:15Z,"hollands","Berk Music",0.797,0.864,2,-5.747,1,0.0356,0.609,0.0000039,0.131,0.973,134.008,4
spotify:track:7drS8Zj5rq3usSZY1e5crj,"Laat De Zon In Je Hart","Vanaf Vandaag","Rene Schuurmans",2008-02-06,205906,0,false,dylan_sjo,2019-07-15T19:12:01Z,"hollands,nederpop","Berk Music",0.731,0.807,9,-5.508,1,0.0289,0.636,0,0.275,0.963,123.986,4
spotify:track:0SzWx2en7UgSBilg2nVbU7,"Meisjes Van De Nacht","Het Beste Van","Rob Ronalds",2010-02-08,182306,0,false,dylan_sjo,2019-07-15T19:12:05Z,"hollands","Berk Music",0.722,0.935,8,-4.975,0,0.045,0.453,0,0.0607,0.842,125.026,4
spotify:track:7qMDpmkCusBaH8nr4n2NWc,"Nee Je Hoeft Me Niet Te Zeggen","Nee Je Hoeft Me Niet Te Zeggen","Alex",2019-06-28,183012,0,false,dylan_sjo,2019-09-04T20:47:04Z,"dansk pop,hollands","Berk Music",0.776,0.962,6,-3.549,1,0.0771,0.136,0,0.293,0.874,134.15,4
spotify:track:48ItetnifZeX6zzavngGss,"Daar Sta Je Dan (Waar Zijn Al Je Vrienden)","Dat Komt Allemaal Door Jou","Marco Kanters",2018-04-06,228320,0,false,dylan_sjo,2020-01-15T17:16:32Z,"hollands","Berk Music",0.723,0.828,0,-5.085,1,0.0574,0.127,0,0.0362,0.794,100.056,4
spotify:track:3kkb0mHyZJTFGrzaUscnkh,"Jouw Blik","Jouw Blik","John West",2012,219640,57,false,dylan_sjo,2020-01-15T17:16:37Z,"hollands","Cornelis Music",0.727,0.773,2,-5.439,1,0.0383,0.0994,0.00000634,0.202,0.849,100.996,4
spotify:track:6QSQBrAqAQyOk7JRaB3jzM,"Voor Mij Geen Slingers Aan De Wand","Wie Denk Jij Wel Wie Ik Ben","Nelis Leeman",2018-05-09,176550,0,false,dylan_sjo,2020-01-15T17:18:30Z,"hollands","Berk Music",0.445,0.855,7,-6.047,1,0.0656,0.0185,0,0.128,0.946,204.184,4
spotify:track:3xXltlaLeerkxFFwOKQigE,"Al Word Ik Dan Wat Ouder","Ga Maar Mee","Willem Barth",2018-03-09,199280,34,false,dylan_sjo,2020-01-15T17:18:56Z,"hollands","Cornelis Music",0.721,0.948,11,-3.828,1,0.0586,0.0219,0,0.313,0.904,125.032,4
spotify:track:6sKanSXCRFsZGsN8Ava0qT,"Huisje Op Wielen","Onverslaanbaar","Frank Van Etten",2019-09-27,209213,0,false,dylan_sjo,2020-01-15T17:39:22Z,"hollands","NRGY Music",0.731,0.928,11,-4.939,1,0.0945,0.0289,0.0000103,0.312,0.798,120.016,4
spotify:track:7bGbWjCRBpbzJrqoDo5y1b,"M'n Favoriet","M'n Favoriet","RAYMON HERMANS",2017-10-06,197272,0,false,dylan_sjo,2020-01-15T17:39:48Z,"hollands","Wannahear Music",0.805,0.969,11,-3.922,0,0.138,0.188,0,0.317,0.774,131.978,4
spotify:track:6ObyhCAQYWArnKKHhFtuOW,"Als Jij Niet Kiezen Kan","Als De Nacht","Django Wagner",2012-10-05,221546,0,false,dylan_sjo,2020-01-15T17:40:24Z,"hollands","Berk Music",0.587,0.82,10,-4.855,1,0.0741,0.263,0,0.0837,0.94,202.888,4
spotify:track:4efPBWbJEMqcvPERglUhBU,"Zakka Zakka","Lekker Lekker","Arjon Oostrom;DJ Willem de Wijs;Feest DJ Bas",2014-01-31,192120,0,false,dylan_sjo,2020-01-15T17:40:43Z,"hollands","Berk Music",0.745,0.904,11,-5.348,1,0.0782,0.0488,0,0.089,0.963,147.959,4
spotify:track:4ci0IDJjtbrAxl9xPBnFTj,"Wat Een Hete Zomer","Wat Een Hete Zomer","John West;Lange Frans",2016-08-20,181197,37,false,dylan_sjo,2020-01-15T17:41:11Z,"hollands,nederpop","Cornelis Music",0.742,0.945,0,-3.157,1,0.0917,0.136,0.00000978,0.127,0.948,120.007,4
spotify:track:4hoyxdHVPPMB4wDlXqd4e6,"Als Jij Had Gedacht","Wesly Bronkhorst","Wesly Bronkhorst",2013-10-15,230120,28,false,dylan_sjo,2020-04-01T12:37:44Z,"hollands","CNR Music",0.565,0.934,8,-5.082,1,0.0467,0.0457,0,0.11,0.682,120.029,3
spotify:track:6S1xfMEjpdSMzZ49Hhe17n,"Ik leef mijn eigen leven","Ik leef m'n eigen leven","Patrick Dano",2016-09-20,209000,30,false,dylan_sjo,2021-11-04T17:32:43Z,"hollands","Rood Hit Blauw Produkties",0.743,0.791,6,-4.966,0,0.0461,0.158,0,0.277,0.935,99.989,4
spotify:track:7nH6XNmt5G23ossL3wadG9,"Waarom Dans Je Niet Met Mij","Onderweg","Wesley Klein",2016-01-22,210013,0,false,dylan_sjo,2020-05-14T19:39:41Z,"hollands","Berk Music",0.756,0.879,2,-5.177,1,0.0354,0.106,0,0.131,0.921,125.995,4
spotify:track:1GHFfPOS1T7RUnDxe2vOqB,"Gevallen","M'n Favoriet","RAYMON HERMANS",2017-10-06,174250,0,false,dylan_sjo,2020-05-14T19:43:05Z,"hollands","Wannahear Music",0.902,0.936,6,-4.95,1,0.179,0.154,0,0.372,0.844,129.981,4
spotify:track:3lRa35etxrcK8DI5Znxw3Q,"Vier Zomers Lang","Ik Hou Van Het Leven","Dirk Meeldijk",2007,203226,0,false,dylan_sjo,2020-05-14T19:44:16Z,"hollands","Berk Music",0.448,0.589,10,-4.415,1,0.0398,0.589,0,0.101,0.524,178.525,4
spotify:track:5sTqteIZDJJtx04xHBTbBD,"Lekkerding","Jouw Glimlach Op Je Mond","John West;Lange Frans",2016-02-26,223440,52,false,dylan_sjo,2020-05-18T19:41:16Z,"hollands,nederpop","Cornelis Music",0.716,0.938,4,-3.091,1,0.0925,0.308,0.000322,0.0951,0.969,115.038,4
spotify:track:4nO1ZbNxdc2Ij7xFdJWUVJ,"Leedvermaak","Leedvermaak","Frank van Weert",2016-07-29,219742,0,false,dylan_sjo,2020-05-18T19:55:24Z,"hollands","Berk Music",0.789,0.91,11,-3.547,1,0.0529,0.0774,0.0000595,0.279,0.93,127.958,4
spotify:track:1oLaeqvX5KVp8keZBntTOh,"Hola Hola","Hola Hola","Henk Bernard",2020-03-05,217445,0,false,dylan_sjo,2020-05-19T05:50:27Z,"hollands","NRGY Music",0.702,0.861,4,-3.415,1,0.0363,0.473,0.00000155,0.28,0.881,123.975,4
spotify:track:4ysDxtvsKkIPqcXE3iIA62,"'K Ben Toch Niet Gek","'K Ben Toch Niet Gek","Sander Kwarten",2020-04-17,184829,34,false,dylan_sjo,2020-06-01T14:49:34Z,"hollands","Cornelis Music",0.748,0.921,1,-5.407,1,0.0375,0.075,0,0.366,0.923,130.026,4
spotify:track:1ip4O5pzGeVSvSpdFB48uc,"Jij Bent Anders Nu","Jij Bent Anders Nu","Django Wagner",2020-05-01,164889,0,false,dylan_sjo,2020-06-01T19:09:18Z,"hollands","Berk Music",0.518,0.939,2,-3.829,1,0.0557,0.019,0.00000629,0.268,0.922,183.069,4
spotify:track:5TkgWClxi2pyzc5RhIX9ie,"Is 't Zo Moeilijk Om Gewoon Te Doen","Is 't Zo Moeilijk Om Gewoon Te Doen","Ferry de Lits",2015-04-17,207506,0,false,dylan_sjo,2020-06-20T13:06:18Z,"hollands","Berk Music",0.829,0.924,2,-4.91,1,0.0381,0.385,0,0.127,0.977,130.487,4
spotify:track:7Lkde7UE4r5Hol3t9DEcT9,"De Waarheid","De Waarheid","Frank Verkooyen",2017-09-29,186637,0,false,dylan_sjo,2020-06-23T21:00:08Z,"hollands","NationaleArtiestenParade",0.73,0.965,6,-4.239,1,0.0435,0.0976,0,0.0858,0.936,131.969,4
spotify:track:3E6EdQbGRQp76UBFEZvuxt,"Nee Ik Rij Niet (Feestversie)","Nee Ik Rij Niet (Feestversie)","John West",2019-01-18,216435,12,false,dylan_sjo,2020-07-01T17:34:37Z,"hollands","Cornelis Music",0.767,0.96,6,-1.496,0,0.113,0.25,0,0.123,0.887,124.941,4
spotify:track:6aPIadLaMet4xSa6tQvtjm,"Billen In Het Zand","Billen In Het Zand","Perry Zuidam",2020-05-27,191920,0,false,dylan_sjo,2020-07-03T07:53:42Z,"hollands","Vincent Produkties V.O.F.",0.732,0.915,7,-3.01,1,0.0568,0.188,0,0.341,0.955,122.082,4
spotify:track:0gN1eESFzSfIZEt9az2Yey,"Het Is Weer Weekend (Golddiggers Remix)(m.m.v. Koninklijk Zigeunerorkest Roma Mirando)","Het Is Weer Weekend (Golddiggers Remix)(m.m.v. Koninklijk Zigeunerorkest Roma Mirando)","Django Wagner",2019-02-20,185762,0,false,dylan_sjo,2020-07-12T17:16:42Z,"hollands","Berk Music",0.726,0.949,4,-3.782,0,0.0686,0.487,0,0.427,0.932,170.1,4
spotify:track:5oemXkn8H2MBUsnZOS7i8B,"Vanaf Vandaag","Samen (Incl. Bonus Tracks)","Django Wagner;Peter Beense",2014-06-16,191033,0,false,dylan_sjo,2020-08-01T13:39:29Z,"hollands","Berk Music",0.708,0.73,2,-8.018,1,0.0489,0.151,0,0.108,0.777,127.012,4
spotify:track:5RNcBOSFQVCLAxg4WGJzsd,"En Ik Droom","En Ik Droom","Milan Milano",2014-11-22,157569,52,false,dylan_sjo,2020-08-05T15:21:30Z,"hollands","Telstar",0.691,0.808,0,-5.402,1,0.0513,0.316,0,0.161,0.701,105.046,4
spotify:track:130FkJUYvhij3gc45B4EwG,"Eenzaam En Alleen","Geluk","Robert Pater",2019-05-03,193586,0,false,dylan_sjo,2020-08-05T15:23:11Z,"hollands","CDHamster",0.769,0.906,10,-5.85,1,0.077,0.0913,0,0.0663,0.93,130.032,4
spotify:track:5H3BRK8CafY4lcVmJt2N9t,"Lange nacht","Lange nacht","Henk Dissel",2012,184955,28,false,dylan_sjo,2020-08-05T15:28:32Z,"hollands","ABC Entertainment",0.7,0.916,7,-5.506,1,0.0462,0.111,0.00000898,0.0544,0.928,120.021,4
spotify:track:1p4e95GWFuKnZlN8jzkVkU,"De Dochter Van De Kastelein","De Dochter Van De Kastelein","Stef Ekkel",2018-06-01,214822,0,false,dylan_sjo,2020-08-05T15:30:29Z,"hollands","Berk Music",0.777,0.936,1,-5.057,1,0.0369,0.242,0,0.33,0.982,127.059,4
spotify:track:76R6fJE47MpXBpAGjkj0Tf,"Laat Me","Ademloos","Ferry de Lits",2017-05-22,175415,0,false,dylan_sjo,2020-08-23T09:53:51Z,"hollands","Berk Music",0.626,0.89,3,-6.079,0,0.13,0.473,0,0.317,0.47,130.034,4
spotify:track:2tT3s0hSnqHcmUnUAHIok1,"Doe Met Me Wat Je Wilt","Geluk","Robert Pater",2019-05-03,207653,0,false,dylan_sjo,2020-08-23T09:56:41Z,"hollands","CDHamster",0.757,0.877,0,-6.443,1,0.0419,0.0892,0.00000255,0.308,0.95,130.087,4
spotify:track:5T4yWwEuxw0FSELQaBGzi3,"Zigeunerjongen (Cancion Del Mariachi)","Vol Passie & Emotie","Rein Mercha",2013-06-28,132253,0,false,dylan_sjo,2020-08-23T11:40:02Z,"hollands","NRGY Music",0.781,0.825,4,-4.97,0,0.0719,0.132,0.00000592,0.603,0.776,110.956,4
spotify:track:24ZjAOITZE1jftSolXCsIw,"Leef jij maar raak","Toppers van Oranje Deel 2","Dirk Meeldijk",2015-11-27,227787,0,false,dylan_sjo,2020-08-23T11:43:08Z,"hollands","Rood Hit Blauw Produkties",0.438,0.835,4,-4.15,0,0.0565,0.0943,0.00000753,0.467,0.87,200.108,4
spotify:track:49MRpDD4D2JgkEdneVWvmg,"Bekijk 't Maar","Bekijk 't Maar","Frank Verkooyen",2018-11-30,178658,0,false,dylan_sjo,2020-08-23T11:45:27Z,"hollands","NationaleArtiestenParade",0.759,0.923,7,-3.914,1,0.216,0.17,0,0.408,0.775,124.951,4
spotify:track:1Pdeo3kCZb8m5eEVBfFPbo,"Ik Hou Nog Steeds Van Jou","Mijn Muziek, Mijn Passie","Django Wagner",2015-05-20,184906,0,false,dylan_sjo,2020-09-06T12:26:16Z,"hollands","Berk Music",0.58,0.875,5,-3.696,0,0.13,0.519,0,0.0679,0.942,199.344,4
spotify:track:6avyqgjH5EwiWM5Xs9bo2k,"Trots op jou - Mega Kroegenversie","Trots op jou (MegaKroegenversie)","Ben Valkenburg",2018-06-07,218000,33,false,dylan_sjo,2021-11-04T17:33:25Z,"hollands","Rood Hit Blauw Produkties",0.682,0.835,10,-5.024,0,0.0282,0.0715,0.0000261,0.326,0.903,96.016,4
spotify:track:5gb4ljX5wZgN9Jkw3ftLaM,"Als Ik Het Toch Allemaal Geweten Had","Als Ik Het Toch Allemaal Geweten Had","Wesly Bronkhorst",2016-06-10,192061,0,false,dylan_sjo,2020-09-06T12:28:35Z,"hollands","WB Entertainment",0.386,0.927,1,-3.72,0,0.07,0.18,0,0.0415,0.446,126.009,4
spotify:track:5y0NVmOKcIK6cKitZrn91E,"Nou en.....?","Nou en....?","Rob Zorn",2011-04-09,239713,0,false,dylan_sjo,2020-09-06T12:31:22Z,"hollands","Rood Hit Blauw Produkties",0.644,0.815,6,-3.863,1,0.0717,0.0985,0.00102,0.153,0.882,188.014,4
spotify:track:1F7igQIIMxVanRy8PtpIFh,"Geen Twijfel","Geen Twijfel","Sander Kwarten",2017-05-12,200224,49,false,dylan_sjo,2020-09-06T12:49:33Z,"hollands","Cornelis Music",0.725,0.937,8,-3.356,0,0.0805,0.273,0,0.492,0.85,107.978,4
spotify:track:0Y8QCD4ae69cudoacntbL5,"Ik Schrijf Je Naam","Dit Ben Ik, Het Beste Van Stef Ekkel","Stef Ekkel",2010-06-16,196386,0,false,dylan_sjo,2020-10-02T15:15:15Z,"hollands","Berk Music",0.762,0.883,7,-4.811,1,0.057,0.261,0,0.294,0.963,132.752,4
spotify:track:0RTUDjc3FeUaMQ6LOSA2c9,"Je Raakt Me Zo","Je Raakt Me Zo","John West",2020-07-31,185034,44,false,dylan_sjo,2020-10-25T17:40:27Z,"hollands","Cornelis Music",0.79,0.91,4,-2.984,0,0.0801,0.262,0,0.122,0.675,105.981,4
spotify:track:3ExpPhhaRA1C2jd9SoCTUh,"Ik Hou Van Jou","Ik Ben Wie Ik Ben","Dirk Meeldijk",2009-10-18,202800,0,false,dylan_sjo,2020-10-25T17:47:36Z,"hollands","Berk Music",0.52,0.708,11,-6.124,1,0.0281,0.14,0,0.0875,0.916,186.088,4
spotify:track:6v7jEGMaoHTEIHDRYVjyE4,"Leve de apresski","Elke nieuwe dag","Tim Schalkx",2014-09-11,157132,28,false,dylan_sjo,2021-11-04T17:33:41Z,"hollands","TS Records",0.797,0.936,0,-3.66,1,0.0359,0.128,0.00000112,0.0844,0.974,126.026,4
spotify:track:6RXRz7Issn75AbB68vI1DY,"Ik herken jouw gezicht","Ik herken jouw gezicht","Nelis Heesbeen",2020-08-19,177117,18,false,dylan_sjo,2020-11-07T07:21:54Z,"hollands","RoodHitBlauw",0.728,0.948,0,-3.405,1,0.0744,0.0663,0,0.0881,0.965,132.005,4
spotify:track:18BlOhT1WWsU0XKAvnQtE3,"Ik denk na (Summerlove)","Ik denk na","Enrico",2017-08-06,184032,0,false,dylan_sjo,2020-11-30T11:55:35Z,"trance,hollands","Rood Hit Blauw Produkties",0.726,0.854,7,-8.105,0,0.0959,0.0566,0.0686,0.0532,0.858,137.997,4
spotify:track:4JtcfHsuFWx6i34h8I8Tjd,"Ga Met Me Mee","Jouw Blik","John West",2012,217746,29,false,dylan_sjo,2020-11-30T11:57:56Z,"hollands","Cornelis Music",0.782,0.764,2,-5.325,1,0.0939,0.274,0,0.0239,0.928,104.98,4
spotify:track:2RriaWUcYSltuv1DesSrIH,"Ik weet niet waarom","Ik weet niet waarom","Tjeerd",2020-10-02,196985,17,false,dylan_sjo,2020-11-30T12:07:39Z,"hollands","Gerto Music Productions",0.759,0.909,8,-5.903,1,0.0328,0.122,0.000662,0.313,0.966,96.026,4
spotify:track:28lvcIte7rRr0aA3lOvFXb,"Nog Ééntje Voor Ik Ga","Jij Bent Zo'n Mooie Vrouw","John West",2018-03-30,210512,37,false,dylan_sjo,2020-12-01T15:56:52Z,"hollands","Cornelis Music",0.698,0.935,1,-2.669,0,0.0481,0.273,0.0000124,0.238,0.889,99.983,4
spotify:track:1vtQrqNJH62QkkHuexuQ8c,"Daar In Dat Kleine Café Aan De Haven","Jij Krijgt Die Lach Niet Van Mijn Gezicht","John De Bever",2017-11-03,180144,0,false,dylan_sjo,2020-12-01T15:58:35Z,"hollands,nederpop","Berk Music",0.695,0.855,1,-7.4,0,0.0444,0.0969,0,0.0518,0.677,122.988,4
spotify:track:24r9C2LlaEwUzgDK7b4TXC,"Vrienden Voor Altijd","Mijn Gevoel","Django Wagner;Ferry de Lits",2011-04-15,181386,0,false,dylan_sjo,2020-12-01T16:00:05Z,"hollands","Berk Music",0.604,0.862,6,-3.238,0,0.0867,0.464,0,0.0602,0.857,197.046,4
spotify:track:3G7OHwmJdhBkZQ5BxMQBo2,"Rotzooi","Rotzooi...","Tommy Lips",2012-06-28,209640,0,false,dylan_sjo,2020-12-04T22:59:30Z,"hollands","Vincent Produkties V.O.F.",0.691,0.821,1,-5.384,1,0.0596,0.216,0,0.728,0.858,137.05,4
spotify:track:3E5sKPNb44gNNSovj1Ld0W,"Mag Ik Naar Je Kijken","Mag Ik Naar Je Kijken","Zanger Alex",2020-10-16,232031,39,false,dylan_sjo,2020-12-06T18:57:56Z,"hollands","Berk Music",0.736,0.951,0,-2.986,1,0.0761,0.1,0,0.889,0.965,133.983,4
spotify:track:4M9Y5agmt8F4AbaUYXOw38,"30, 40, 50 Jaar","Samen (Incl. Bonus Tracks)","Django Wagner;Frank van Weert",2014-06-16,196224,0,false,dylan_sjo,2020-12-06T19:07:21Z,"hollands","Berk Music",0.72,0.712,0,-6.219,1,0.0554,0.156,0,0.137,0.872,134.98,3
spotify:track:5zBQcBi5LTkRJNl7Szt2M7,"Altijd Blijven Lachen","Altijd Blijven Lachen","Stef Ekkel",2020-12-30,191299,29,false,dylan_sjo,2021-01-11T19:26:16Z,"hollands","Berk Music",0.789,0.935,5,-4.426,1,0.0819,0.266,0,0.828,0.867,129.534,4
spotify:track:0RhY15ntRWWgTJj71117sA,"Geluk In Alles","Geluk In Alles","Frank Verkooyen",2020-10-02,216813,0,false,dylan_sjo,2021-02-01T19:57:25Z,"hollands","Heartselling",0.694,0.894,1,-2.917,1,0.052,0.128,0,0.234,0.88,105.993,4
spotify:track:3lExZDkNJ35OYgvv1g5d4V,"Ik Hou Van Alle Vrouwen","Lekker Lekker","Arjon Oostrom",2014-01-31,168946,0,false,dylan_sjo,2021-02-01T20:06:58Z,"hollands","Berk Music",0.788,0.871,1,-5.243,1,0.0379,0.268,0,0.397,0.96,125.981,4
spotify:track:4SmUf9Lw1eN5LGlhBtz1Ew,"Dolores","Polonaise, Vol. 17 (2021)","Wilbert Pigmans",2021-01-23,206718,0,false,dylan_sjo,2021-02-03T18:57:20Z,"hollands","Berk Music",0.785,0.942,7,-4.169,1,0.0506,0.236,0,0.364,0.882,128.006,4
spotify:track:47MByuvKeNo5iAdd3aHlyc,"Hoe Kan Ik Je Hart Bereiken","Hoe Kan Ik Je Hart Bereiken","Diego Holzken",2018-06-15,190946,49,false,dylan_sjo,2022-02-01T19:24:56Z,"hollands","Smaragd Music",0.615,0.874,7,-5.261,1,0.213,0.132,0,0.0857,0.731,196.231,4
spotify:track:3xSS2gse0xcTSOTGBhT81n,"Ik Ga Naar De Zon","Ik Ga Naar De Zon","Gino Graus",2020-10-30,170002,21,false,dylan_sjo,2021-02-03T19:27:39Z,"hollands","A Hits Music",0.736,0.945,8,-3.883,0,0.0359,0.0962,0,0.292,0.979,135.043,4
spotify:track:5y2YUgnirEYitzhLZ7JTqt,"Ik Meen 't","Het Beste Van","Rob Ronalds",2010-02-08,204080,0,false,dylan_sjo,2021-02-27T18:31:03Z,"hollands","Berk Music",0.677,0.868,6,-4.525,1,0.0711,0.355,0,0.716,0.66,102.016,4
spotify:track:0YCNbSe08RAZuGPUTFqbta,"Foxy Foxtrot","Foxy Foxtrot","Patrick van den Corput",2014-03-07,218255,0,false,dylan_sjo,2021-02-27T19:12:33Z,"hollands","Mireille Balje",0.581,0.853,8,-3.411,1,0.113,0.382,0,0.121,0.829,200.243,4
spotify:track:6V67lbGcFGWofB87zqA8Zm,"Sweet Caroline","Sweet Caroline","Mick Harren",2007-11-16,221831,0,false,dylan_sjo,2021-03-01T16:57:24Z,"hollands","Berk Music",0.682,0.883,0,-3.527,1,0.0305,0.0671,0,0.246,0.598,130.012,4
spotify:track:2HWIlfM5QxFK3IAKLXyYGA,"C'est la vie 2006 Remix - Goldfinger Remix","Zomer Hits - Holland","René Riva",2013-08-02,231520,9,false,dylan_sjo,2021-03-01T17:51:38Z,"hollands","Sony Music Entertainment",0.701,0.77,8,-7.51,1,0.108,0.111,0,0.231,0.867,125.01,4
spotify:track:5FUYtWnjTANXR39aO6dCkg,"Als Ik Het Doe","Als Ik Het Doe","Ferry de Lits",2019-07-19,203168,0,false,dylan_sjo,2021-03-01T18:01:02Z,"hollands","Berk Music",0.765,0.849,2,-5.679,1,0.034,0.0168,0,0.0513,0.926,126.073,4
spotify:track:44kfyJitzonhcI1BcCmOlE,"Naar De Kroeg","Naar De Kroeg","Pascal Redeker",2018-12-14,181000,0,false,dylan_sjo,2021-03-01T18:07:08Z,"hollands","Berk Music",0.793,0.806,4,-6.011,1,0.0351,0.026,0.0000028,0.36,0.659,125.042,4
spotify:track:1a6U9nr5tBxNRDFsIJCoTy,"Kom Nu Maar In M'n Armen","Kom Nu Maar In M'n Armen","Frans Bauer",2017-11-16,178325,0,false,dylan_sjo,2021-03-01T18:08:53Z,"hollands,nederpop","NRGY Music",0.462,0.792,9,-3.896,1,0.0381,0.14,0.00000491,0.0979,0.853,200.072,3
spotify:track:6thMcsdHPAFJl23iRCDDpF,"Dans Met Mij Tot Morgenvroeg","Nog Een Keertje","Jean Knipping Jr",2011-10-13,175973,0,false,dylan_sjo,2021-03-01T18:16:43Z,"","Zebra Music",0.435,0.708,8,-3.252,1,0.0327,0.133,0,0.672,0.908,140.017,4
spotify:track:6BJbGCBCqf2o6orGDRBFYf,"Mariloe","Mariloe","Niels Korsuize",2020-07-31,170031,0,false,dylan_sjo,2021-03-01T18:17:16Z,"hollands","Korsuize Entertainment",0.598,0.817,5,-5.308,0,0.146,0.124,0,0.0574,0.933,192.072,4
spotify:track:2yaoHamvoLhRvqpuChkxky,"Als Men Een Drankje Naar Jou Zou Vernoemen","WB","Willem Barth",2010,195653,0,false,dylan_sjo,2021-03-11T19:45:42Z,"hollands","Berk Music",0.766,0.829,7,-2.892,1,0.0751,0.434,0,0.289,0.881,96.05,4
spotify:track:2J0br43id0NFuqLt5fJDe0,"Helena 2.0","Helena 2.0","Rutger van Barneveld",2021-02-12,200000,39,false,dylan_sjo,2021-04-04T07:19:33Z,"hollands","Hit It! Music",0.815,0.941,2,-5.341,1,0.0328,0.22,0,0.513,0.97,116.999,3
spotify:track:0MSj08EB6eLok0p8KMXk9B,"Ik Kan Niet Wachten","Ik Kan Niet Wachten","Marco de Hollander",2021-01-28,193552,17,false,dylan_sjo,2021-04-11T19:44:14Z,"hollands","NRGY Music",0.753,0.928,7,-4.861,1,0.0287,0.133,0,0.281,0.979,124.07,4
spotify:track:4FDXcMdVj5HWxtjyj2xdeM,"Die Engel","Mazzel","Lytse Hille",2018-09-28,213200,0,false,dylan_sjo,2021-04-11T19:53:03Z,"hollands","Lytse Hille",0.709,0.877,11,-6.232,1,0.0248,0.185,0,0.38,0.68,90.001,4
spotify:track:2EPXgt0jmzjii7AQHYUySP,"K wist niet dat je kwaad werd","K wist niet dat je kwaad werd","Danny Temming",2012-02-16,184000,27,false,dylan_sjo,2021-11-04T17:34:38Z,"hollands","Rood Hit Blauw Produkties",0.736,0.942,6,-4.912,1,0.0581,0.31,0,0.0849,0.977,132.044,4
spotify:track:4mQdFAhXBvRqWU2LuY2zL7,"Kom Bij Mij","Ga Met Me Mee","Rudy de Wit",2014-11-21,214946,0,false,dylan_sjo,2021-04-11T19:55:46Z,"hollands","Hit It! Music",0.682,0.919,3,-4.751,1,0.0423,0.00957,0.000028,0.391,0.962,132.004,4
spotify:track:0RbfvUCQxFv2lnsq51H9im,"Proost Op Het Leven","Jij Krijgt Die Lach Niet Van Mijn Gezicht","John De Bever",2017-11-03,201742,0,false,dylan_sjo,2021-04-11T19:58:57Z,"hollands,nederpop","Berk Music",0.401,0.806,9,-6.948,1,0.078,0.0696,0,0.231,0.674,97.499,3
spotify:track:3e3tPmY7QALr6tJ2KFT5DW,"In Ons Café","In Ons Café","Frans Duijts;Django Wagner",2012-04-20,219826,0,false,dylan_sjo,2021-04-11T20:06:44Z,"hollands,nederpop","Captain Rob Records",0.681,0.821,10,-6.535,1,0.047,0.0281,0,0.324,0.846,120.003,4
spotify:track:3MpzURhFXU8MMUh7fwpfpR,"DJ Maurice Megamix","DJ Maurice mega mix","Henk Dissel",2017-08-08,260307,26,false,dylan_sjo,2021-04-12T15:46:02Z,"hollands","HD Music",0.453,0.944,2,-3.013,1,0.0901,0.0363,0,0.0328,0.472,130.045,4
spotify:track:7AGH2eF2YPUd6X78ZGRWKT,"Ik Zing Voor Jou Een Lied","Ik Zing Voor Jou Een Lied","Gino Graus",2021-04-01,187737,19,false,dylan_sjo,2021-04-12T15:57:39Z,"hollands","NRGY Music",0.763,0.814,0,-5.397,1,0.0302,0.0935,0,0.277,0.927,126.017,4
spotify:track:25t6g8n4S7eWXAs0ZwT2ZC,"Er even tussen uit","Er even tussen uit","Feest DJ Danny",2021-04-07,222857,1,false,dylan_sjo,2021-04-12T16:00:01Z,"hollands","RoodHitBlauw Producties",0.679,0.953,11,-2.891,1,0.0548,0.152,0,0.223,0.712,129.943,4
spotify:track:0xU3RRaiG4GAghhd8Od06v,"Als Een Komeet","Als Een Komeet","Randy Watzeels",2015-11-13,208248,0,false,dylan_sjo,2021-11-04T17:35:01Z,"hollands","Zebra Music",0.781,0.933,7,-3.764,0,0.0539,0.283,0,0.341,0.971,137.032,4
spotify:track:5dQSNcHfntzs4dfJnNqoYN,"Oe la la en daar ga ik","Oe la la en daar ga ik","Colinda en Daisy",2021-02-17,199846,3,false,dylan_sjo,2021-04-17T14:54:22Z,"hollands","TeamNL",0.626,0.984,9,-2.233,1,0.0907,0.104,0,0.255,0.708,135.121,4
spotify:track:5bmZUFLASIgru2os6M6YYn,"Zij Weet Het","Zij Weet Het","FEEST DJ MAARTEN;DJ Petit;Benjamin",2019-12-04,236903,0,false,dylan_sjo,2021-04-25T13:29:57Z,"hollands","Studio747",0.697,0.867,7,-4.574,1,0.0675,0.098,0,0.159,0.568,99.991,4
spotify:track:6KpKA3H27rYJM6IZy3VP87,"Ik Ga Leven","Ik Ga Leven","John De Bever",2021-04-07,198663,39,false,dylan_sjo,2021-04-25T19:50:57Z,"hollands,nederpop","Berk Music",0.761,0.839,6,-7.417,1,0.0349,0.0319,0.00000898,0.316,0.907,126.994,4
spotify:track:14liMfVKiF6tWTnstfhDSS,"Manuela","Juinuh 2.0","Johnny Gold",2019-07-15,188680,0,false,dylan_sjo,2021-04-25T19:58:49Z,"hollands","Vincent Produkties V.O.F.",0.733,0.949,3,-3.786,1,0.039,0.209,0.0000868,0.18,0.909,135.052,4
spotify:track:0irYCuA6rS6E1NQnWKL0if,"Laila Is Haar Naam","Laila Is Haar Naam","Leo Nardell",2021-04-16,166680,35,false,dylan_sjo,2021-05-04T20:40:17Z,"hollands","Smaragd Music",0.636,0.86,10,-4.842,0,0.0593,0.0816,0,0.0853,0.706,101.06,4
spotify:track:4Y5z12LzWRptPgOszqd5kH,"Leonora","Leonora","Donny Ponsen",2021-02-26,212690,34,false,dylan_sjo,2021-05-08T05:20:06Z,"hollands","Smaragd Music",0.688,0.844,2,-5.086,1,0.071,0.107,0,0.356,0.529,128.004,4
spotify:track:4IWcauil6i20BNGjL10gTF,"BBQ","BBQ","Gebroeders Ko",2021-05-07,146132,12,false,dylan_sjo,2021-05-24T10:47:01Z,"hollands","Berk Music",0.773,0.933,9,-3.524,0,0.0502,0.122,0,0.315,0.961,97.492,4
spotify:track:3GzYXPN9dkaiMnRP0kAdvr,"Verloren Tijd","Verloren Tijd","Frans Bauer",2021-05-06,190546,8,false,dylan_sjo,2021-05-24T10:48:30Z,"hollands,nederpop","NRGY Music",0.715,0.939,10,-5.609,0,0.0537,0.0483,0.00003,0.242,0.862,129.015,4
spotify:track:4PyYGasJnEDj7RNcNMK40k,"Jammer Dan","Jammer Dan","Stef Ekkel",2021-05-28,185137,54,false,dylan_sjo,2021-05-29T17:57:56Z,"hollands","Berk Music",0.778,0.949,11,-2.887,1,0.133,0.236,0.00000932,0.307,0.938,125.108,4
spotify:track:4roBvBrGt2rqQObbGKugNO,"Hypnose","Hypnose","RAYMON HERMANS",2015-04-23,206190,0,false,dylan_sjo,2021-06-15T20:18:26Z,"hollands","Twilight Entertainment",0.787,0.912,7,-4.486,1,0.0717,0.245,0.00000574,0.275,0.888,126.023,4
spotify:track:4NNCpPby4rZkr4ON6e95zt,"Als De Zomer Komt","Als De Zomer Komt","Django Wagner",2021-06-18,188209,29,false,dylan_sjo,2021-07-05T13:10:02Z,"hollands","Berk Music",0.693,0.877,5,-4.419,0,0.031,0.0373,0.0000145,0.192,0.872,96.461,4
spotify:track:55gv62EVzSagYaqYv04jEj,"Wij Vieren Het Leven","Wij Vieren Het Leven","Jannes",2013-08-28,206334,5,false,dylan_sjo,2021-07-05T13:11:37Z,"hollands,nederpop","Dino Music, a label and trademark of 8ball Music BV",0.778,0.908,10,-6.144,1,0.0321,0.0493,0,0.244,0.975,126.027,4
spotify:track:5LXsRvfa8HvpIxWpO5JibW,"Ciao De Baco","Ciao De Baco","Ronnie Ruysdael",2021-07-07,163680,21,false,dylan_sjo,2021-07-09T10:27:27Z,"hollands","ronnie en thijs records",0.652,0.899,6,-5.072,1,0.0581,0.044,0,0.373,0.909,124.976,4
spotify:track:1f9X68h6QGh01bD0r4g9DF,"Ik Ga Zwemmen","Ik Ga Zwemmen","Mart Hoogkamer",2021-07-15,179363,50,false,dylan_sjo,2021-07-26T20:36:01Z,"hollands,nederpop","NRGY Music",0.471,0.891,1,-3.848,1,0.142,0.203,0,0.332,0.885,200.039,4
spotify:track:2ad80mH76d4vYG1kJe4tq8,"Dans","Dans","John West",2021-06-23,209600,31,false,dylan_sjo,2021-07-26T20:37:07Z,"hollands","Cornelis Music",0.745,0.961,4,-2.062,0,0.0794,0.0735,0.00000926,0.295,0.708,117.971,4
spotify:track:3O4pSTUoJODCTWsEnemHY4,"Waarom De Zon Vandaag Verdween","Waarom De Zon Vandaag Verdween","Rudy de Wit",2021-06-04,197000,13,false,dylan_sjo,2021-07-26T20:42:55Z,"hollands","Hit It! Music",0.596,0.858,7,-4.184,1,0.035,0.261,0,0.114,0.952,168.109,4
spotify:track:538YUbDTUtMzkHyhlIdNhI,"Ik Hou Van Het Leven","Ik Hou Van Het Leven","Dirk Meeldijk",2007,265320,0,false,dylan_sjo,2021-07-26T20:44:54Z,"hollands","Berk Music",0.37,0.74,7,-3.638,1,0.044,0.513,0,0.268,0.497,160.305,4
spotify:track:2lLJZ9cbx2Dp8cgfQTPkhy,"Bloedje Bloedje Heet","Bloedje Bloedje Heet","Rob Zorn",2021-06-09,234371,34,false,dylan_sjo,2021-07-30T16:35:56Z,"hollands","UltimateDisk",0.541,0.804,6,-6.035,0,0.0762,0.0377,0,0.127,0.84,191.98,4
spotify:track:3WO8p20Km1ZSxrA2no6zjB,"Een Blik In Jouw Ogen","Een Blik In Jouw Ogen","Wesley Klein",2021-07-08,184671,46,false,dylan_sjo,2021-08-14T07:51:27Z,"hollands","Toekomst Music",0.737,0.965,10,-3.069,1,0.0456,0.141,0,0.293,0.688,116.038,4
spotify:track:120MmPO9SGxRnWxSku5PG3,"Dansen","Alle Remmen Los!","Jeroen Van Zelst",2014-04-04,190929,0,false,dylan_sjo,2021-09-01T14:51:40Z,"hollands","Berk Music",0.718,0.952,2,-4.704,1,0.0473,0.0835,0.00000198,0.307,0.914,147.039,5
spotify:track:7as4NVzt1UdMfoxEiDHkqX,"Stamcafé","Stamcafé","Zanger Alex",2021-07-30,172205,25,false,dylan_sjo,2021-09-15T17:55:00Z,"hollands","Berk Music",0.597,0.889,8,-4.041,0,0.0646,0.164,0,0.082,0.403,130.909,4
spotify:track:1ZLHLkM5kGgrhvXGibOxrB,"Dan Gaan De Lichten Aan","Dan Gaan De Lichten Aan","Jan van Est",2021-07-30,204525,23,false,dylan_sjo,2021-09-15T17:55:07Z,"hollands","Berk Music",0.741,0.784,1,-9.04,1,0.0501,0.049,0,0.274,0.851,127.952,4
spotify:track:5HB7ckZEkDv8DOhWNnkfwx,"In De Nacht","In De Nacht","John West",2021-10-29,195546,33,false,dylan_sjo,2021-11-03T10:02:34Z,"hollands","Cornelis Music",0.648,0.969,10,-0.737,0,0.0377,0.208,0,0.391,0.777,125.003,4
spotify:track:7laXSF2GfAIeI0PTJpOUtg,"Nog Eentje Dan","Nog Eentje Dan","Frans Duijts",2021-10-29,159733,3,false,dylan_sjo,2021-11-03T10:10:05Z,"hollands,nederpop","Dino Music",0.597,0.785,9,-5.879,0,0.0428,0.202,0,0.267,0.502,124.042,4
spotify:track:6P40cJzqPJAn9KB9716rHR,"Los Met Z'n Allen","Los Met Z'n Allen","Gerard Joling",2021-10-01,180878,0,false,dylan_sjo,2021-11-04T17:21:38Z,"hollands,nederpop","ENL Records",0.638,0.928,9,-2.229,0,0.0382,0.173,0,0.86,0.654,122.915,4
spotify:track:7K26jwuBYEodBYQCg4OymD,"Ons Moeder Zeej Nog","Ons Moeder Zeej Nog","Jan Biggel",2020-10-20,222483,51,false,dylan_sjo,2021-11-09T21:35:03Z,"hollands","Berk Music",0.838,0.91,1,-4.414,1,0.0436,0.105,0,0.0478,0.962,120.056,4
spotify:track:0rEuuYpZ2yWU6ppTJpe9wT,"Ik Ben Kachel","Ik Ben Kachel","OBZ",2020-12-19,207999,52,false,dylan_sjo,2021-12-02T16:40:55Z,"hollands","DLN",0.894,0.752,11,-8.174,0,0.0593,0.0815,0.000735,0.405,0.947,105.009,4
spotify:track:61OVTGpx4HEo7oTGLKiAhc,"Pretty Belinda","Pretty Belinda","Rocky Vosse",2009-01-22,179146,0,false,dylan_sjo,2021-12-16T11:53:53Z,"hollands","Berk Music",0.729,0.872,0,-6.132,1,0.165,0.0177,0,0.329,0.908,135.032,4
spotify:track:3hOMrkxVzVAEl2TDjWSlmJ,"Wat Fijn Dat Je Vreemd Bent Gegaan","Wat Fijn Dat Je Vreemd Bent Gegaan","Stef Ekkel",2022-01-07,168133,26,false,dylan_sjo,2022-01-07T17:55:46Z,"hollands","Berk Music",0.612,0.827,5,-4.633,1,0.128,0.138,0,0.359,0.877,127.477,4
spotify:track:3HUewJHeKBxECDbb2QMwJJ,"Helemaal Lijp Met M'n Shisha Pijp","Helemaal Lijp Met M'n Shisha Pijp","Sidney Jr;Sidney Bischoff",2021-12-29,165196,28,false,dylan_sjo,2022-01-21T10:20:43Z,"hollands","A.S. Bischoff",0.763,0.888,0,-4.283,1,0.0432,0.156,0,0.328,0.949,107.967,4
spotify:track:5xSQZPqLd40jLS383GYTvP,"Porseleinen Pony","Porseleinen Pony","Johnny Purple",2017-02-07,221012,45,false,dylan_sjo,2022-02-22T06:28:00Z,"","Johnny Purple",0.83,0.908,6,-4.842,1,0.0583,0.31,0,0.381,0.976,131.984,4
spotify:track:5CQoqXdZsczvoX7anShh1l,"Ferry de Roze Flamingo","Ferry de Roze Flamingo","Barry Fest;Tim Schalkx",2018-06-20,171000,0,false,dylan_sjo,2022-02-23T06:24:42Z,"hollands,hardstyle","Chiron Music",0.734,0.909,0,-3.153,1,0.0535,0.118,0,0.336,0.869,145.032,4
spotify:track:4wJR2C7Uz5ITr0SD2mi0aB,"Alles Is Anders","Alles Is Anders","Rudy de Wit",2022-03-11,221000,28,false,dylan_sjo,2022-03-21T17:56:04Z,"hollands","Hit It! Music",0.631,0.937,10,-2.515,1,0.077,0.239,0.00000822,0.345,0.925,130.744,4
spotify:track:2f3r30tUYdzWSuewKpqK9n,"Oh Jij Ja Jij","Alles Is Anders","Rudy de Wit",2022-03-11,181000,30,false,dylan_sjo,2022-03-21T17:56:11Z,"hollands","Hit It! Music",0.72,0.85,0,-5.14,1,0.0558,0.0438,0,0.145,0.954,132.072,4
spotify:track:489UiM5fiHRdMvhV9wjMPG,"Kom En Zing Mee","Alles Is Anders","Rudy de Wit",2022-03-11,195000,25,false,dylan_sjo,2022-03-22T19:19:32Z,"hollands","Hit It! Music",0.679,0.912,7,-4.768,1,0.0368,0.286,0.00000706,0.393,0.965,131.99,4
spotify:track:6aLan0K1ygohnYkJQGemiF,"Oh. Luister Toch","Ritme Van De Nacht","Ferry de Lits",2009-10-19,188000,34,false,dylan_sjo,2022-03-22T19:21:31Z,"hollands","Berk Music",0.777,0.931,5,-3.953,1,0.0371,0.309,0,0.29,0.981,132.073,4
spotify:track:6jIocviT1DDfSfzDARidXb,"Ha'k Jou Maar Nooit Gekend","Ha'k Jou Maar Nooit Gekend","Jan Biggel",2022-03-11,197626,28,false,dylan_sjo,2022-03-22T19:22:13Z,"hollands","Berk Music",0.852,0.904,11,-3.652,1,0.164,0.158,0,0.179,0.87,118.075,4
spotify:track:7AzdgO4NtTm57ACQmhxrOL,"Ik Zie De Liefde","Ik Zie De Liefde","Rutger van Barneveld",2022-02-11,207000,12,false,dylan_sjo,2022-03-22T19:23:18Z,"hollands","Hit It! Music",0.782,0.916,0,-3.685,0,0.0305,0.413,0,0.499,0.965,108.018,4
spotify:track:2Cl51aUeYCxTciejo502Xp,"Schouder Om Op Te Huilen","Schouder Om Op Te Huilen","Robert Pater",2022-01-28,190080,10,false,dylan_sjo,2022-03-22T19:24:28Z,"hollands","CDHamster",0.712,0.843,3,-6.781,1,0.0495,0.303,0.0000051,0.162,0.912,131.956,4
spotify:track:18OaG8VRx4lm1TbJZCw5Bz,"Bewijs het dan","Bewijs het dan","Franz Joostink",2022-02-23,188135,24,false,dylan_sjo,2022-03-22T19:29:05Z,"hollands","Nationale Artiesten Parade",0.679,0.969,7,-3.564,1,0.0652,0.0356,0,0.304,0.963,129.942,4
spotify:track:4dE0pmxjxSmOSo7yKePe42,"Dikke 10","Dikke 10","Rutger van Barneveld",2022-05-20,201405,34,false,dylan_sjo,2022-06-09T09:23:03Z,"hollands","Cornelis Music",0.67,0.932,9,-4.047,1,0.0566,0.0621,0,0.324,0.809,126.025,4
spotify:track:1YlHHngcUYlyxB19hVSYYd,"Sexy Lady","Sexy Lady","John West;Lange Frans",2022-05-06,196632,40,false,dylan_sjo,2022-06-14T19:55:51Z,"hollands,nederpop","Cornelis Music",0.658,0.957,11,-3.922,0,0.0847,0.0997,0,0.0664,0.92,120.047,4
spotify:track:3c28vYkrzU9nVqvJfbaSiu,"Amalia","Amalia","Wesly Bronkhorst",2022-06-02,157485,59,false,dylan_sjo,2022-06-27T16:04:32Z,"hollands","NRGY Music",0.705,0.942,7,-2.179,0,0.0957,0.284,0.00000127,0.334,0.879,106.043,4
spotify:track:0MCRTYYXeGNlYjNbCqxXVm,"Mercedes Benz","Mercedes Benz","Bertus Sipma",2022-05-14,136406,28,false,dylan_sjo,2022-07-07T17:49:16Z,"hollands","BHM Digital V.O.F",0.836,0.84,11,-3.342,1,0.0712,0.158,0,0.22,0.962,120,4
spotify:track:019i5DShlheA968VKllqdh,"`n Griekse nach","` t Merretkoer LIVE","'t Merretkoer",2015-03-18,250786,44,false,dylan_sjo,2022-08-25T19:38:34Z,"","Pebble Music",0.609,0.648,7,-9.726,1,0.0536,0.419,0,0.76,0.787,126.794,4
spotify:track:5meI025SYNIsanGc3NpCAs,"Gina","Gina","Robert Pater",2022-08-26,218890,49,false,dylan_sjo,2022-08-26T14:42:47Z,"hollands","CDHamster",0.826,0.937,9,-3.407,1,0.0551,0.229,0,0.33,0.961,131.998,4
spotify:track:50HzpHWXdWC9IyNSI1ss7H,"Viva Cerveza","Viva Cerveza","Ferry de Lits",2022-07-22,206250,52,false,dylan_sjo,2022-09-11T18:25:07Z,"hollands","Berk Music",0.559,0.835,4,-5.164,0,0.102,0.17,0,0.412,0.381,133.034,4
spotify:track:3bqza6yXHT7b6JqbeyWpFD,"Engelbewaarder","Engelbewaarder","Marco Schuitmaker",2022-09-09,196384,0,false,dylan_sjo,2022-10-03T16:05:54Z,"hollands,nederpop","CDHamster",0.8,0.917,8,-4.823,1,0.0393,0.118,0,0.131,0.974,130.009,3
spotify:track:3vvLPQGF7y64yEkFVaOrRs,"Als Bij Ons D'n Haon Weer Kraait","Als Bij Ons D'n Haon Weer Kraait","Jan Biggel",2023-01-20,194296,39,false,dylan_sjo,2023-01-28T17:23:55Z,"hollands","Berk Music",0.874,0.858,1,-3.674,1,0.111,0.347,0,0.456,0.947,110.986,4
spotify:track:4UDiFzMK1EVnQgFezrF0jR,"We gingen met de bus rechtstreeks naar Tirol","We gingen met de bus rechtstreeks naar Tirol","Feestduo Die Twee",2022-12-03,209321,0,false,dylan_sjo,2023-02-01T17:10:07Z,"","TS Records",0.792,0.939,7,-3.473,1,0.0464,0.194,0,0.695,0.929,132.014,4
spotify:track:2WCAVPQD1cThC47XuKSPWM,"Malle Pietje","Malle Pietje","Rutger van Barneveld",2023-01-20,184838,32,false,dylan_sjo,2023-02-15T17:23:28Z,"hollands","Cornelis Music",0.707,0.975,2,-3.009,1,0.0541,0.0109,0,0.169,0.938,128.042,4
spotify:track:2nDJW460cU9l2UnblbiaRv,"Alleen Vannacht","Alleen Vannacht","Robert Pater",2023-02-24,176818,31,false,dylan_sjo,2023-03-31T13:51:27Z,"hollands","Berk Music",0.659,0.909,3,-4.065,1,0.0444,0.0691,0.000422,0.256,0.961,132.055,4
spotify:track:08OWm5MjaqXzEq0y3btOAw,"Tante Ria","Tante Ria","Ronnie Ruysdael",2023-01-24,181746,24,false,dylan_sjo,2023-03-31T13:51:40Z,"hollands","ronnie en thijs records",0.665,0.833,9,-7.186,0,0.0409,0.185,0,0.3,0.857,124.007,4
spotify:track:2wFh1RWU9aipi8lg8scljI,"Was Het Die Nacht","Was Het Die Nacht","Bertus Sipma",2023-02-27,173023,22,false,dylan_sjo,2023-05-11T07:31:57Z,"hollands","BHM Digital V.O.F.",0.753,0.843,2,-5.196,1,0.0742,0.0881,0,0.191,0.966,129.006,4
spotify:track:4dfcAShEiezY5K2IP33iOn,"Drink Rode Wijn","Drink Rode Wijn","Donny Ponsen",2020-01-10,210530,53,false,dylan_sjo,2023-06-07T20:22:16Z,"hollands","Smaragd Music",0.554,0.74,8,-7.534,1,0.0494,0.115,0,0.317,0.697,179.952,4
spotify:track:7FyKQ97NF1aYuvvQxh3JEW,"Vergeef Me (Het Liep Uit De Hand)","Vergeef Me (Het Liep Uit De Hand)","John West",2023-03-31,186854,31,false,dylan_sjo,2023-06-07T20:31:23Z,"hollands","Cornelis Music",0.543,0.839,0,-5.668,1,0.133,0.226,0,0.491,0.896,196.08,4
spotify:track:7v0sXJDueMuTg86sP80sG4,"Lilluke Linda","Lilluke Linda","Jan Biggel",2023-04-07,166289,36,false,dylan_sjo,2023-06-07T20:32:39Z,"hollands","Berk Music",0.794,0.889,6,-2.532,1,0.138,0.0485,0,0.309,0.913,130.028,4
spotify:track:71t1TOJ70nHFxmzPhOP49n,"Naar de Playa","Naar de Playa","Frans Bauer",2023-07-14,152056,21,false,dylan_sjo,2023-07-20T06:43:37Z,"hollands,nederpop","NRGY Music",0.707,0.91,4,-5.161,0,0.0401,0.0133,0.000885,0.212,0.847,124.026,4
spotify:track:6dgkHkbtXg4mGwRPJiE1LV,"Van Goes Tot Purmerend","Van Goes Tot Purmerend","Jan Smit;Marco Schuitmaker",2023-08-22,201363,57,false,dylan_sjo,2023-10-12T17:42:17Z,"hollands,nederpop","CTM Vosound",0.743,0.857,2,-5.207,1,0.0789,0.198,0,0.0447,0.808,132.065,4
spotify:track:6DtydqL75Q6YkdrLQpLKhH,"El Bandido","El Bandido","Robert Pater",2023-08-11,190384,29,false,dylan_sjo,2023-10-12T17:43:45Z,"hollands","Berk Music",0.76,0.818,0,-5.158,1,0.0897,0.104,0.0000252,0.147,0.837,130.1,4
spotify:track:45mNxHvtJXHvwqO1ikU7xM,"Nog Een Keertje","Nog Een Keertje","Frank Verkooyen",2023-08-09,210519,26,false,dylan_sjo,2023-10-12T17:46:06Z,"hollands","TeamNL Music",0.75,0.882,9,-4.677,1,0.0331,0.0827,0,0.132,0.964,121.036,3
spotify:track:7KFiTFjBeCugjzd8GRxrei,"Van M'n Biertje Blijf Je Af","Van M'n Biertje Blijf Je Af","Peter Beense",2022-07-06,198387,39,false,dylan_sjo,2023-10-12T18:37:12Z,"hollands","PB Party Sound",0.638,0.96,10,-3.353,0,0.153,0.174,0.0000736,0.142,0.623,120.135,4
spotify:track:4GiKcdCtAJ1zjkU9JWLTAx,"Jouw Liefste Wens","Jouw Liefste Wens","Jeroen Van Zelst",2023-05-05,207618,46,false,dylan_sjo,2023-10-16T18:02:21Z,"hollands","Berk Music",0.772,0.962,2,-2.644,1,0.0366,0.111,0,0.318,0.963,132.974,4
spotify:track:5V7RYXthvWmGIn5TpWI7rM,"Geef Mij R 2","Tuttie Spaghettie","Jettie Pallettie",2010-01-08,175000,29,false,dylan_sjo,2023-12-04T16:19:29Z,"hollands","Captain Rob Records",0.79,0.916,5,-4.54,1,0.0348,0.129,0,0.105,0.966,135.089,4
spotify:track:4Sb8LTnQZVMiqJHdUy9B4B,"Jou Herken Ik Met Gesloten Ogen","Het Beste Van","Dirk Meeldijk",2013-10-04,179000,35,false,dylan_sjo,2024-01-16T19:30:11Z,"hollands","Berk Music",0.48,0.789,2,-6.652,1,0.0422,0.0464,0,0.386,0.588,143.016,4
spotify:track:2DWIwVU9cYKIpadO87w1qY,"Ik Laat Je Nooit Meer Gaan","Dromen","Sander Kwarten",2015-06-19,191053,41,false,dylan_sjo,2024-01-22T19:51:10Z,"hollands","CNR Music",0.763,0.949,1,-3.78,1,0.0803,0.304,0.00000847,0.0895,0.832,134.001,4
spotify:track:3BkY8cZl5V6MFxQAxtLTQm,"Jaren Komen Jaren Gaan","Jaren Komen Jaren Gaan","Robert Pater",2023-12-29,173906,32,false,dylan_sjo,2024-01-22T20:04:37Z,"hollands","Berk Music",0.806,0.912,8,-3.985,1,0.036,0.344,0.00000645,0.251,0.965,128.038,4
spotify:track:1ct2bvD0GN0zHGxKJvToQG,"Bonita","Bonita","Wilbert Pigmans",2024-01-05,177230,29,false,dylan_sjo,2024-01-22T20:09:29Z,"hollands","Berk Music",0.73,0.991,8,-2.875,0,0.0502,0.141,0.0000105,0.324,0.676,130.093,4
spotify:track:5qFZg7EFHunqo78JB088TG,"Hobbelen","Hobbelen","Wesly Bronkhorst",2023-10-06,183831,50,false,dylan_sjo,2024-01-22T20:16:56Z,"hollands","NRGY Music",0.674,0.801,11,-4.929,1,0.0549,0.217,0,0.244,0.69,126.974,4
spotify:track:6en7ognvoOwqtTqfZSlOit,"Waarom Leef Je Nog In Mijn Hoofd","Waarom Leef Je Nog In Mijn Hoofd","Sander Kwarten",2020-08-28,191651,37,false,dylan_sjo,2024-01-23T19:43:59Z,"hollands","Cornelis Music",0.769,0.838,11,-6.14,1,0.0473,0.117,0.0017,0.365,0.86,124.003,4
spotify:track:2XHOHNrBilFKbWmmWvFs4J,"Kom In M'n Armen","Kom In M'n Armen","Donny Ponsen",2023-01-27,190729,36,false,dylan_sjo,2024-02-25T16:09:12Z,"hollands","Smaragd Music",0.743,0.857,10,-3.686,1,0.049,0.314,0,0.334,0.917,128.029,4
spotify:track:2AeifjAARfVl2jixZDgmkD,"Ik Leef Mijn Eigen Ik","Ik Leef Mijn Eigen Ik","William Burg",2023-11-10,208260,22,false,dylan_sjo,2024-03-05T21:14:41Z,"hollands","Hit It! Music",0.537,0.956,8,-1.811,1,0.0358,0.276,0,0.264,0.892,172.022,4
spotify:track:4xTjO1NgHBEbINFUQ9Kgao,"Zoet, Zout, Zuur","Zoet, Zout, Zuur","Robert van Hemert",2023-05-19,180778,61,false,dylan_sjo,2024-03-05T21:15:19Z,"hollands","Cornelis Music",0.577,0.882,9,-4.056,1,0.0505,0.0172,0,0.0697,0.637,136.168,4
spotify:track:6rfYcmnRU5dk4E8Jiku3qQ,"Huis Op De Wolken","Huis Op De Wolken","Joy Woelders",2024-01-05,178426,26,false,dylan_sjo,2024-03-28T12:22:55Z,"hollands","CDHamster",0.711,0.964,5,-3.992,1,0.037,0.0863,0.0000598,0.312,0.964,135.028,4
spotify:track:09cswrDjJqKzNxomjftD5S,"Schaam Je Voor Je Tranen Niet","Schaam Je Voor Je Tranen Niet","Marco Schuitmaker",2024-03-29,177159,17,false,dylan_sjo,2024-03-29T14:51:49Z,"hollands,nederpop","Dino Music",0.706,0.879,0,-5.216,1,0.0353,0.0439,0.0000044,0.163,0.955,132.008,4
spotify:track:3YIKnSUkzpThvCbdMXZlxd,"RiTiTi Polka","RiTiTi Polka","Crazy Accordeons",2024-05-03,154687,40,false,dylan_sjo,2024-05-15T05:31:15Z,"hollands,polka","Berk Music",0.778,0.963,10,-3.974,1,0.0977,0.267,0,0.102,0.924,135.028,4
spotify:track:40a6NAAIlG33ZmKdI1JSxO,"Op Een Dag (Gaan We Allemaal Naar De Hemel)","Op Een Dag (Gaan We Allemaal Naar De Hemel)","Nelis Leeman;Ferry de Lits",2024-04-26,147656,23,false,dylan_sjo,2024-06-07T17:09:59Z,"hollands","Berk Music",0.755,0.878,1,-4.378,1,0.0744,0.369,0,0.0483,0.797,125.927,4
spotify:track:1GkaioqxI6kq8MGhvM40vJ,"Zeg me wie","Zeg me wie","Henk Bernard",2024-04-12,225949,24,false,dylan_sjo,2024-06-14T16:07:33Z,"hollands","NRGY Music",0.596,0.969,9,-4.294,0,0.327,0.107,0,0.0632,0.296,130.129,4
spotify:track:6jSvbOJNCvgeTBQS0LVlRk,"Van Brabant naar Bordeaux","Van Brabant naar Bordeaux","Frans Bauer;Kafke",2024-04-19,182382,57,false,dylan_sjo,2024-06-27T16:13:05Z,"hollands,nederpop","NRGY Music",0.797,0.931,9,-3.007,1,0.0369,0.116,0,0.134,0.963,134.974,4
spotify:track:1WnSszjfLVZUTDPS57LkO6,"Tranen Zijn Niet Alleen Om Te Huilen","Tranen Zijn Niet Alleen Om Te Huilen","Robert Pater",2024-01-19,179533,24,false,dylan_sjo,2024-06-27T19:49:48Z,"hollands","Berk Music",0.715,0.956,9,-4.041,1,0.0573,0.0951,0,0.178,0.965,131.978,4
spotify:track:2GLSRL3sIOQR5TTppRqkjj,"Suavemente, Dans Met Mij","Suavemente, Dans Met Mij","Gerard Palts;Trafassi",2024-07-19,190476,48,false,dylan_sjo,2024-08-08T07:15:36Z,"hollands,champeta","Hit It! Music",0.721,0.961,7,-2.631,1,0.267,0.0828,0,0.105,0.724,123.895,4
spotify:track:563vlJ4OHFq7iGGVP4xQX4,"Speel Niet Met Vuur","Speel Niet Met Vuur","Levi Lenting",2024-04-26,188409,24,false,dylan_sjo,2024-08-16T19:35:39Z,"hollands","CDHamster",0.683,0.838,2,-5.792,1,0.0542,0.229,0,0.233,0.836,132.062,4
spotify:track:1hKqHdaqJk3RqZ64P9xNHc,"Op De Vijfde Rij","Op De Vijfde Rij","Dora",2024-07-19,171692,36,false,dylan_sjo,2024-10-09T17:05:16Z,"hollands","CDHamster",0.794,0.961,5,-2.909,1,0.0339,0.183,0.00000623,0.666,0.964,130.054,4
spotify:track:56x8TdbbAo6KHvToVEQ9vD,"Ladder Naar De Hemel","Ladder Naar De Hemel","Jeroen Van Zelst",2024-09-06,189569,40,false,dylan_sjo,2024-10-27T16:13:22Z,"hollands","Berk Music",0.769,0.931,8,-4.047,1,0.0328,0.225,0,0.139,0.963,130.018,4
spotify:track:4gLQhuSCTiIMeR9nIKXEg0,"Juanita","Juanita","Django Wagner",2024-09-20,216263,39,false,dylan_sjo,2024-11-09T08:23:57Z,"hollands","Berk Music",0.526,0.877,10,-4.125,1,0.0594,0.218,0.00000157,0.221,0.81,193.946,4
spotify:track:1o8DqyL6SHzOLR4pBJEI5o,"Ik Doe Wat Ik Doe","Ik Doe Wat Ik Doe","Yosee",2024-08-09,169335,18,false,dylan_sjo,2024-11-22T12:10:22Z,"hollands","D.E.A. Records",0.72,0.741,9,-5.758,1,0.0402,0.168,0,0.293,0.923,131.081,4
spotify:track:2kBWWPFDTJ1lmFBYVfdjht,"Ik Ben Een Dromer","Ik Ben Een Dromer","Manuel",2024-11-15,174609,45,false,dylan_sjo,2024-12-13T09:40:57Z,"hollands","CDHamster",0.714,0.868,6,-5.08,1,0.0366,0.0515,0.0000186,0.286,0.96,130.002,4
spotify:track:4BRRrEcd76TSrFmk9YufoN,"Laat Me","Laat Me","Sander Kwarten",2024-02-02,189368,38,false,dylan_sjo,2025-01-24T11:48:49Z,"hollands","Cornelis Music",0.72,0.93,7,-3.475,0,0.121,0.2,0,0.252,0.636,120.042,4
spotify:track:2kxH1XMnceTTSNQLexMxnb,"Vergeef Me","Vergeef Me","Marco Schuitmaker",2024-11-08,197307,11,false,dylan_sjo,2025-02-14T07:19:43Z,"hollands,nederpop","Dino Music",0.703,0.825,0,-5.555,1,0.0362,0.0722,0,0.0644,0.89,129.983,4
spotify:track:48xe6ZQrASG371JErqVAhP,"Verboden Liefde","Verboden Liefde","Henk Damen",2025-02-21,184306,34,false,dylan_sjo,2025-04-16T10:13:35Z,"hollands","NRGY Music",0.726,0.938,8,-3.851,1,0.0518,0.142,0,0.309,0.924,125.919,4
spotify:track:4Thwkrx5Qf6sCskcEy4ucF,"Wat Zou Ik Daarvoor Moeten Doen","Wat Zou Ik Daarvoor Moeten Doen","Marco Schuitmaker",2025-05-22,189782,37,false,dylan_sjo,2025-05-30T17:24:39Z,"hollands,nederpop","Dino Music",0.677,0.889,9,-5.206,1,0.038,0.169,0,0.136,0.677,137.967,4
spotify:track:6PO8kt1r1k0f4yJkNUEPTz,"Altijd Altijd 2.0","Altijd Altijd 2.0","Jaman",2025-03-07,188769,37,false,dylan_sjo,2025-08-08T20:38:47Z,"hollands","Jaman Music",0.733,0.896,2,-6.883,1,0.0363,0.181,0,0.312,0.912,130.023,4
spotify:track:1068pajBnU9TzDLktx4SVT,"1000 vragen","1000 vragen","Sander Kwarten",2025-05-02,166091,49,false,dylan_sjo,2025-10-03T16:57:32Z,"hollands","Cornelis Music",0.852,0.89,1,-7.305,1,0.0469,0.0103,0.000029,0.246,0.967,124.043,4
